<?xml version="1.0"?><x:xmpmeta xmlns:x="adobe:ns:meta/" x:xmptk="Adobe XMP Core 6.2.9.B001"><rdf:RDF xmlns:rdf="http://www.w3.org/1999/02/22-rdf-syntax-ns#"><rdf:Description rdf:about="" xmlns:dc="http://purl.org/dc/elements/1.1/" xmlns:tiff="http://ns.adobe.com/tiff/1.0/" xmlns:xmp="http://ns.adobe.com/xap/1.0/" xmlns:xmpMM="http://ns.adobe.com/xap/1.0/mm/" xmlns:xmpRights="http://ns.adobe.com/xap/1.0/rights/" xmlns:pur="http://prismstandard.org/namespaces/prismusagerights/2.1/" xmlns:dam="http://www.day.com/dam/1.0" xmlns:photoshop="http://ns.adobe.com/photoshop/1.0/" dc:format="image/jpeg" dc:rights="©vitaliy_melnik - stock.adobe.com" tiff:ResolutionUnit="2" tiff:XResolution="100000/1811" tiff:YCbCrPositioning="1" tiff:YResolution="100000/1811" tiff:ImageWidth="1000" tiff:ImageLength="652" xmp:CreateDate="2016-08-05" xmp:CreatorTool="Adobe Stock Platform" xmp:MetadataDate="2019-02-05T11:44:53" xmp:ModifyDate="2016-08-05" xmpMM:DocumentID="117553275" xmpMM:InstanceID="Adobe Stock 117553275" xmpRights:Marked="True" dam:Physicalwidthindpi="55" dam:MIMEtype="image/jpeg" dam:Physicalheightininches="11.854545593261719" dam:Physicalheightindpi="55" dam:Physicalwidthininches="18.18181800842285" dam:Bitsperpixel="24" dam:Progressive="no" dam:size="386995" dam:Numberoftextualcomments="0" dam:sha1="7e818d8b9e31516544ad3b6bb6080ca6343a8fcb" dam:Numberofimages="1" dam:Fileformat="JPEG" photoshop:Credit="vitaliy_melnik - stock.adobe.com"><pur:creditLine><rdf:Bag><rdf:li>vitaliy_melnik - stock.adobe.com</rdf:li></rdf:Bag></pur:creditLine><tiff:BitsPerSample><rdf:Seq><rdf:li>8</rdf:li><rdf:li>8</rdf:li><rdf:li>8</rdf:li></rdf:Seq></tiff:BitsPerSample></rdf:Description></rdf:RDF></x:xmpmeta>