<?xml version="1.0" encoding="UTF-8"?>
<jcr:root xmlns:jcr="http://www.jcp.org/jcr/1.0" xmlns:nt="http://www.jcp.org/jcr/nt/1.0" xmlns:rep="internal" xmlns:cq="http://www.day.com/jcr/cq/1.0" xmlns:sling="http://sling.apache.org/jcr/sling/1.0"
    jcr:mixinTypes="[rep:AccessControllable]"
    jcr:primaryType="cq:Page">
    <rep:policy/>
    <core jcr:primaryType="nt:unstructured">
        <wcm jcr:primaryType="nt:unstructured">
            <components jcr:primaryType="nt:unstructured">
                <page jcr:primaryType="nt:unstructured">
                    <v3 jcr:primaryType="nt:unstructured">
                        <page jcr:primaryType="nt:unstructured">
                            <policy_default
                                cq:styleDefaultClasses="generic-page"
                                jcr:description="Includes the required client libraries."
                                jcr:primaryType="nt:unstructured"
                                jcr:title="Generic Page"
                                sling:resourceType="wcm/core/components/policy/policy"
                                clientlibs="[core.wcm.components.accordion.v1,core.wcm.components.tabs.v1,core.wcm.components.carousel.v1,core.wcm.components.image.v3,core.wcm.components.breadcrumb.v2,core.wcm.components.search.v1,core.wcm.components.form.text.v2,core.wcm.components.pdfviewer.v1,core.wcm.components.embed.v1,core.wcm.components.commons.datalayer.v1]">
                                <jcr:content
                                    cq:isDelivered="{Boolean}false"
                                    cq:lastReplicated="{Date}2024-03-14T12:27:38.429Z"
                                    cq:lastReplicated_publish="{Date}2024-03-14T12:27:38.429Z"
                                    cq:lastReplicatedBy="workflow-process-service"
                                    cq:lastReplicatedBy_publish="workflow-process-service"
                                    cq:lastReplicationAction="Activate"
                                    cq:lastReplicationAction_publish="Activate"
                                    jcr:mixinTypes="[cq:ReplicationStatus,cq:ReplicationStatus2]"
                                    jcr:primaryType="nt:unstructured"/>
                            </policy_default>
                            <policy_contact_us
                                cq:styleDefaultClasses="contactus-page"
                                jcr:description="Includes the required client libraries."
                                jcr:primaryType="nt:unstructured"
                                jcr:title="Contact Us"
                                sling:resourceType="wcm/core/components/policy/policy"
                                clientlibs="[core.wcm.components.accordion.v1,core.wcm.components.tabs.v1,core.wcm.components.carousel.v1,core.wcm.components.image.v3,core.wcm.components.breadcrumb.v2,core.wcm.components.search.v1,core.wcm.components.form.text.v2,core.wcm.components.pdfviewer.v1,core.wcm.components.embed.v1,core.wcm.components.commons.datalayer.v1]">
                                <jcr:content jcr:primaryType="nt:unstructured"/>
                            </policy_contact_us>
                            <policy_article
                                cq:styleDefaultClasses="article-page"
                                jcr:description="Includes the required client libraries."
                                jcr:primaryType="nt:unstructured"
                                jcr:title="Article Page"
                                sling:resourceType="wcm/core/components/policy/policy"
                                clientlibs="[core.wcm.components.accordion.v1,core.wcm.components.tabs.v1,core.wcm.components.carousel.v1,core.wcm.components.image.v3,core.wcm.components.breadcrumb.v2,core.wcm.components.search.v1,core.wcm.components.form.text.v2,core.wcm.components.pdfviewer.v1,core.wcm.components.embed.v1,core.wcm.components.commons.datalayer.v1]">
                                <jcr:content jcr:primaryType="nt:unstructured"/>
                            </policy_article>
                            <policy_home
                                cq:styleDefaultClasses="home-page"
                                jcr:primaryType="nt:unstructured"
                                jcr:title="Home page"
                                sling:resourceType="wcm/core/components/policy/policy"
                                clientlibs="[core.wcm.components.accordion.v1,core.wcm.components.tabs.v1,core.wcm.components.carousel.v1,core.wcm.components.image.v3,core.wcm.components.breadcrumb.v2,core.wcm.components.search.v1,core.wcm.components.form.text.v2,core.wcm.components.pdfviewer.v1,core.wcm.components.embed.v1,core.wcm.components.commons.datalayer.v1]">
                                <jcr:content jcr:primaryType="nt:unstructured"/>
                            </policy_home>
                        </page>
                    </v3>
                </page>
                <download jcr:primaryType="nt:unstructured">
                    <v2 jcr:primaryType="nt:unstructured">
                        <download jcr:primaryType="nt:unstructured">
                            <policy_default
                                jcr:description="Sets the title size to H3."
                                jcr:primaryType="nt:unstructured"
                                jcr:title="Content Download"
                                sling:resourceType="wcm/core/components/policy/policy"
                                allowUpload="false"
                                displayFilename="true"
                                displayFormat="true"
                                displaySize="true"
                                titleType="h3">
                                <jcr:content
                                    cq:isDelivered="{Boolean}false"
                                    cq:lastReplicated="{Date}2024-03-14T12:27:37.981Z"
                                    cq:lastReplicated_publish="{Date}2024-03-14T12:27:37.981Z"
                                    cq:lastReplicatedBy="workflow-process-service"
                                    cq:lastReplicatedBy_publish="workflow-process-service"
                                    cq:lastReplicationAction="Activate"
                                    cq:lastReplicationAction_publish="Activate"
                                    jcr:mixinTypes="[cq:ReplicationStatus,cq:ReplicationStatus2]"
                                    jcr:primaryType="nt:unstructured"/>
                            </policy_default>
                        </download>
                    </v2>
                </download>
                <teaser jcr:primaryType="nt:unstructured">
                    <v2 jcr:primaryType="nt:unstructured">
                        <teaser jcr:primaryType="nt:unstructured">
                            <policy_default
                                jcr:description="Sets the title size to H3."
                                jcr:primaryType="nt:unstructured"
                                jcr:title="Content Teaser"
                                sling:resourceType="wcm/core/components/policy/policy"
                                allowedRenditionWidths="[320,480,600,800,1024,1200,1600]"
                                enableAssetDelivery="true"
                                showTitleType="false"
                                sizes="(max-width: 500px) 50vw, 100vw"
                                titleType="h3">
                                <jcr:content
                                    cq:isDelivered="{Boolean}false"
                                    cq:lastReplicated="{Date}2024-03-14T12:27:39.428Z"
                                    cq:lastReplicated_publish="{Date}2024-03-14T12:27:39.428Z"
                                    cq:lastReplicatedBy="workflow-process-service"
                                    cq:lastReplicatedBy_publish="workflow-process-service"
                                    cq:lastReplicationAction="Activate"
                                    cq:lastReplicationAction_publish="Activate"
                                    jcr:mixinTypes="[cq:ReplicationStatus,cq:ReplicationStatus2]"
                                    jcr:primaryType="nt:unstructured"/>
                                <cq:styleGroups jcr:primaryType="nt:unstructured">
                                    <item0
                                        cq:styleGroupLabel="Layout"
                                        jcr:primaryType="nt:unstructured">
                                        <cq:styles jcr:primaryType="nt:unstructured">
                                            <item0
                                                cq:styleClasses="textAtBottom"
                                                cq:styleId="1612830658386"
                                                cq:styleLabel="Text Bottom"
                                                jcr:primaryType="nt:unstructured"/>
                                            <item1
                                                cq:styleClasses="textAtLeft"
                                                cq:styleId="1612897379772"
                                                cq:styleLabel="Text Left"
                                                jcr:primaryType="nt:unstructured"/>
                                            <item2
                                                cq:styleClasses="textAtRight"
                                                cq:styleId="1612897454978"
                                                cq:styleLabel="Text Right"
                                                jcr:primaryType="nt:unstructured"/>
                                        </cq:styles>
                                    </item0>
                                    <item1
                                        cq:styleGroupLabel="Style Variation"
                                        jcr:primaryType="nt:unstructured">
                                        <cq:styles jcr:primaryType="nt:unstructured">
                                            <item0
                                                cq:styleClasses="dark"
                                                cq:styleId="1612897513127"
                                                cq:styleLabel="Dark"
                                                jcr:primaryType="nt:unstructured"/>
                                        </cq:styles>
                                    </item1>
                                </cq:styleGroups>
                            </policy_default>
                        </teaser>
                    </v2>
                </teaser>
                <container jcr:primaryType="nt:unstructured">
                    <v1 jcr:primaryType="nt:unstructured">
                        <container jcr:primaryType="nt:unstructured">
                            <policy_root
                                jcr:description="Allows the template components and defines the component mapping (this configures what components should be automatically created when authors drop assets from the content finder to the page editor)."
                                jcr:primaryType="nt:unstructured"
                                jcr:title="Page Root"
                                sling:resourceType="wcm/core/components/policy/policy"
                                components="[/libs/core/wcm/components/accordion/v1/accordion,/libs/core/wcm/components/button/v2/button,/libs/core/wcm/components/carousel/v1/carousel,/libs/core/wcm/components/container/v1/container,/libs/core/wcm/components/contentfragment/v1/contentfragment,/libs/core/wcm/components/contentfragmentlist/v2/contentfragmentlist,/libs/core/wcm/components/form/container/v2/container,/libs/core/wcm/components/download/v2/download,/libs/core/wcm/components/embed/v2/embed,/libs/core/wcm/components/experiencefragment/v2/experiencefragment,/libs/core/wcm/components/image/v3/image,/libs/core/wcm/components/list/v3/list,/libs/core/wcm/components/pdfviewer/v1/pdfviewer,/libs/core/wcm/components/progressbar/v1/progressbar,/libs/core/wcm/components/separator/v1/separator,/libs/core/wcm/components/tabs/v1/tabs,/libs/core/wcm/components/teaser/v2/teaser,/libs/core/wcm/components/text/v2/text,/libs/core/wcm/components/title/v3/title]">
                                <jcr:content
                                    cq:isDelivered="{Boolean}false"
                                    cq:lastReplicated="{Date}2024-03-14T12:27:37.803Z"
                                    cq:lastReplicated_publish="{Date}2024-03-14T12:27:37.803Z"
                                    cq:lastReplicatedBy="workflow-process-service"
                                    cq:lastReplicatedBy_publish="workflow-process-service"
                                    cq:lastReplicationAction="Activate"
                                    cq:lastReplicationAction_publish="Activate"
                                    jcr:mixinTypes="[cq:ReplicationStatus,cq:ReplicationStatus2]"
                                    jcr:primaryType="nt:unstructured"/>
                                <cq:authoring jcr:primaryType="nt:unstructured">
                                    <assetToComponentMapping jcr:primaryType="nt:unstructured">
                                        <mapping_1575024218483
                                            jcr:primaryType="nt:unstructured"
                                            assetGroup="media"
                                            assetMimetype="image/*"
                                            droptarget="image"
                                            resourceType="core/wcm/components/image/v3/image"/>
                                        <mapping_1575030843388
                                            jcr:primaryType="nt:unstructured"
                                            assetGroup="content"
                                            assetMimetype="text/html"
                                            droptarget="experiencefragment"
                                            resourceType="core/wcm/components/experiencefragment/v2/experiencefragment"/>
                                        <mapping_1575030853128
                                            jcr:primaryType="nt:unstructured"
                                            assetGroup="media"
                                            assetMimetype="[text/html,application/vnd.adobe.contentfragment]"
                                            droptarget="contentfragment"
                                            resourceType="core/wcm/components/contentfragment/v1/contentfragment"/>
                                    </assetToComponentMapping>
                                </cq:authoring>
                            </policy_root>
                            <policy_default
                                jcr:description="Allows the page components and defines the component mapping (this configures what components should be automatically created when authors drop assets from the content finder to the page editor)."
                                jcr:primaryType="nt:unstructured"
                                jcr:title="Page Content"
                                sling:resourceType="wcm/core/components/policy/policy"
                                components="[/libs/core/wcm/components/accordion/v1/accordion,/libs/core/wcm/components/button/v2/button,/libs/core/wcm/components/carousel/v1/carousel,/libs/core/wcm/components/container/v1/container,/libs/core/wcm/components/contentfragment/v1/contentfragment,/libs/core/wcm/components/contentfragmentlist/v2/contentfragmentlist,/libs/core/wcm/components/form/container/v2/container,/libs/core/wcm/components/download/v2/download,/libs/core/wcm/components/embed/v2/embed,/libs/core/wcm/components/experiencefragment/v2/experiencefragment,/libs/core/wcm/components/image/v3/image,/libs/core/wcm/components/list/v3/list,/libs/core/wcm/components/pdfviewer/v1/pdfviewer,/libs/core/wcm/components/progressbar/v1/progressbar,/libs/core/wcm/components/separator/v1/separator,/libs/core/wcm/components/sharing/v1/sharing,/libs/core/wcm/components/tabs/v1/tabs,/libs/core/wcm/components/teaser/v2/teaser,/libs/core/wcm/components/text/v2/text,/libs/core/wcm/components/title/v3/title,/libs/core/wcm/components/form/button/v2/button,/libs/core/wcm/components/form/hidden/v2/hidden,/libs/core/wcm/components/form/options/v2/options,/libs/core/wcm/components/form/text/v2/text,/libs/core/wcm/components/breadcrumb/v3/breadcrumb,/libs/core/wcm/components/languagenavigation/v2/languagenavigation,/libs/core/wcm/components/navigation/v2/navigation,/libs/core/wcm/components/search/v1/search]"
                                layout="responsiveGrid"
                                layoutDisabled="false">
                                <jcr:content
                                    cq:isDelivered="{Boolean}false"
                                    cq:lastReplicated="{Date}2024-03-14T12:27:37.678Z"
                                    cq:lastReplicated_publish="{Date}2024-03-14T12:27:37.678Z"
                                    cq:lastReplicatedBy="workflow-process-service"
                                    cq:lastReplicatedBy_publish="workflow-process-service"
                                    cq:lastReplicationAction="Activate"
                                    cq:lastReplicationAction_publish="Activate"
                                    jcr:mixinTypes="[cq:ReplicationStatus,cq:ReplicationStatus2]"
                                    jcr:primaryType="nt:unstructured"/>
                                <cq:authoring jcr:primaryType="nt:unstructured">
                                    <assetToComponentMapping jcr:primaryType="nt:unstructured">
                                        <mapping_1575030255082
                                            jcr:primaryType="nt:unstructured"
                                            assetGroup="media"
                                            assetMimetype="image/*"
                                            droptarget="image"
                                            resourceType="core/wcm/components/image/v3/image"/>
                                        <mapping_1575030260142
                                            jcr:primaryType="nt:unstructured"
                                            assetGroup="content"
                                            assetMimetype="text/html"
                                            droptarget="experiencefragment"
                                            resourceType="core/wcm/components/experiencefragment/v2/experiencefragment"/>
                                        <mapping_1575030269139
                                            jcr:primaryType="nt:unstructured"
                                            assetGroup="media"
                                            assetMimetype="[text/html,application/vnd.adobe.contentfragment]"
                                            droptarget="contentfragment"
                                            resourceType="core/wcm/components/contentfragment/v1/contentfragment"/>
                                    </assetToComponentMapping>
                                </cq:authoring>
                                <cq:styleGroups jcr:primaryType="nt:unstructured">
                                    <item0
                                        cq:styleGroupLabel="Styles"
                                        jcr:primaryType="nt:unstructured">
                                        <cq:styles jcr:primaryType="nt:unstructured">
                                            <item0
                                                cq:styleClasses="dark-container"
                                                cq:styleId="1613079653269"
                                                cq:styleLabel="Dark Theme"
                                                jcr:primaryType="nt:unstructured"/>
                                        </cq:styles>
                                    </item0>
                                </cq:styleGroups>
                            </policy_default>
                            <policy_main
                                cq:styleDefaultClasses="Homepage Content Container"
                                jcr:description="Sets a &lt;main> element on the page content area."
                                jcr:primaryType="nt:unstructured"
                                jcr:title="Page Main"
                                sling:resourceType="wcm/core/components/policy/policy"
                                components="[/libs/core/wcm/components/accordion/v1/accordion,/libs/core/wcm/components/button/v2/button,/libs/core/wcm/components/carousel/v1/carousel,/libs/core/wcm/components/container/v1/container,/libs/core/wcm/components/contentfragment/v1/contentfragment,/libs/core/wcm/components/contentfragmentlist/v2/contentfragmentlist,/libs/core/wcm/components/form/container/v2/container,/libs/core/wcm/components/download/v2/download,/libs/core/wcm/components/embed/v2/embed,/libs/core/wcm/components/experiencefragment/v2/experiencefragment,/libs/core/wcm/components/image/v3/image,/libs/core/wcm/components/list/v3/list,/libs/core/wcm/components/pdfviewer/v1/pdfviewer,/libs/core/wcm/components/progressbar/v1/progressbar,/libs/core/wcm/components/separator/v1/separator,/libs/core/wcm/components/sharing/v1/sharing,/libs/core/wcm/components/tabs/v1/tabs,/libs/core/wcm/components/teaser/v2/teaser,/libs/core/wcm/components/text/v2/text,/libs/core/wcm/components/title/v3/title,/libs/core/wcm/components/form/button/v2/button,/libs/core/wcm/components/form/hidden/v2/hidden,/libs/core/wcm/components/form/options/v2/options,/libs/core/wcm/components/form/text/v2/text,/libs/core/wcm/components/breadcrumb/v3/breadcrumb,/libs/core/wcm/components/languagenavigation/v2/languagenavigation,/libs/core/wcm/components/navigation/v2/navigation,/libs/core/wcm/components/search/v1/search]"
                                layout="responsiveGrid"
                                layoutDisabled="false">
                                <jcr:content jcr:primaryType="nt:unstructured"/>
                                <cq:styleGroups jcr:primaryType="nt:unstructured">
                                    <item0
                                        cq:styleGroupLabel="Styles"
                                        jcr:primaryType="nt:unstructured">
                                        <cq:styles jcr:primaryType="nt:unstructured">
                                            <item0
                                                cq:styleClasses="homepage-content-container"
                                                cq:styleId="1612998379971"
                                                cq:styleLabel="Homepage Content Container"
                                                jcr:primaryType="nt:unstructured"/>
                                        </cq:styles>
                                    </item0>
                                </cq:styleGroups>
                            </policy_main>
                            <policy_xf_root
                                jcr:description="Allows the template components and defines the component mapping (this configures what components should be automatically created when authors drop assets from the content finder to the page editor)."
                                jcr:primaryType="nt:unstructured"
                                jcr:title="XF Root"
                                sling:resourceType="wcm/core/components/policy/policy"
                                components="[/libs/core/wcm/components/accordion/v1/accordion,/libs/core/wcm/components/button/v2/button,/libs/core/wcm/components/carousel/v1/carousel,/libs/core/wcm/components/container/v1/container,/libs/core/wcm/components/contentfragment/v1/contentfragment,/libs/core/wcm/components/contentfragmentlist/v2/contentfragmentlist,/libs/core/wcm/components/form/container/v2/container,/libs/core/wcm/components/download/v2/download,/libs/core/wcm/components/embed/v2/embed,/libs/core/wcm/components/experiencefragment/v2/experiencefragment,/libs/core/wcm/components/image/v3/image,/libs/core/wcm/components/list/v3/list,/libs/core/wcm/components/pdfviewer/v1/pdfviewer,/libs/core/wcm/components/progressbar/v1/progressbar,/libs/core/wcm/components/separator/v1/separator,/libs/core/wcm/components/sharing/v1/sharing,/libs/core/wcm/components/tabs/v1/tabs,/libs/core/wcm/components/teaser/v2/teaser,/libs/core/wcm/components/text/v2/text,/libs/core/wcm/components/title/v3/title,/libs/core/wcm/components/breadcrumb/v3/breadcrumb,/libs/core/wcm/components/languagenavigation/v2/languagenavigation,/libs/core/wcm/components/navigation/v2/navigation,/libs/core/wcm/components/search/v1/search]"
                                layout="responsiveGrid"
                                layoutDisabled="false">
                                <jcr:content
                                    cq:isDelivered="{Boolean}false"
                                    cq:lastReplicated="{Date}2024-03-14T12:27:37.906Z"
                                    cq:lastReplicated_publish="{Date}2024-03-14T12:27:37.906Z"
                                    cq:lastReplicatedBy="workflow-process-service"
                                    cq:lastReplicatedBy_publish="workflow-process-service"
                                    cq:lastReplicationAction="Activate"
                                    cq:lastReplicationAction_publish="Activate"
                                    jcr:mixinTypes="[cq:ReplicationStatus,cq:ReplicationStatus2]"
                                    jcr:primaryType="nt:unstructured"/>
                                <cq:authoring jcr:primaryType="nt:unstructured">
                                    <assetToComponentMapping jcr:primaryType="nt:unstructured">
                                        <mapping_1575024218483
                                            jcr:primaryType="nt:unstructured"
                                            assetGroup="media"
                                            assetMimetype="image/*"
                                            droptarget="image"
                                            resourceType="core/wcm/components/image/v3/image"/>
                                        <mapping_1575030843388
                                            jcr:primaryType="nt:unstructured"
                                            assetGroup="content"
                                            assetMimetype="text/html"
                                            droptarget="experiencefragment"
                                            resourceType="core/wcm/components/experiencefragment/v2/experiencefragment"/>
                                        <mapping_1575030853128
                                            jcr:primaryType="nt:unstructured"
                                            assetGroup="media"
                                            assetMimetype="[text/html,application/vnd.adobe.contentfragment]"
                                            droptarget="contentfragment"
                                            resourceType="core/wcm/components/contentfragment/v1/contentfragment"/>
                                    </assetToComponentMapping>
                                </cq:authoring>
                            </policy_xf_root>
                        </container>
                    </v1>
                </container>
                <experiencefragment jcr:primaryType="nt:unstructured">
                    <v2 jcr:primaryType="nt:unstructured">
                        <experiencefragment jcr:primaryType="nt:unstructured">
                            <policy_header
                                cq:styleDefaultClasses="header"
                                jcr:description="Sets a &lt;header> element on the page header experience fragment."
                                jcr:primaryType="nt:unstructured"
                                jcr:title="Page Header"
                                sling:resourceType="wcm/core/components/policy/policy">
                                <jcr:content jcr:primaryType="nt:unstructured"/>
                            </policy_header>
                            <policy_footer
                                cq:styleDefaultClasses="footer"
                                jcr:description="Sets a &lt;footer> element on the page footer experience fragment."
                                jcr:primaryType="nt:unstructured"
                                jcr:title="Page Footer"
                                sling:resourceType="wcm/core/components/policy/policy">
                                <jcr:content jcr:primaryType="nt:unstructured"/>
                            </policy_footer>
                        </experiencefragment>
                    </v2>
                </experiencefragment>
                <title jcr:primaryType="nt:unstructured">
                    <v3 jcr:primaryType="nt:unstructured">
                        <title jcr:primaryType="nt:unstructured">
                            <policy_page
                                cq:styleDefaultClasses="h1_style"
                                jcr:description="Allows only H1 and disallows links for the main page title."
                                jcr:primaryType="nt:unstructured"
                                jcr:title="Page Title"
                                sling:resourceType="wcm/core/components/policy/policy"
                                allowedTypes="h1"
                                linkDisabled="true"
                                type="h1">
                                <jcr:content jcr:primaryType="nt:unstructured"/>
                                <cq:styleGroups jcr:primaryType="nt:unstructured">
                                    <item0
                                        cq:styleGroupLabel="Styles"
                                        jcr:primaryType="nt:unstructured">
                                        <cq:styles jcr:primaryType="nt:unstructured">
                                            <item0
                                                cq:styleClasses="h1_style"
                                                cq:styleId="1612984301150"
                                                cq:styleLabel="h1 style"
                                                jcr:primaryType="nt:unstructured"/>
                                        </cq:styles>
                                    </item0>
                                </cq:styleGroups>
                            </policy_page>
                            <policy_default
                                cq:styleDefaultClasses="h2_style"
                                jcr:description="Allows all sizes, but not H1, which is reserved for the main page title."
                                jcr:primaryType="nt:unstructured"
                                jcr:title="Content Title"
                                sling:resourceType="wcm/core/components/policy/policy"
                                allowedTypes="[h2,h3,h4,h5,h6]"
                                linkDisabled="false"
                                type="h2">
                                <jcr:content
                                    cq:isDelivered="{Boolean}false"
                                    cq:lastReplicated="{Date}2024-03-14T12:27:39.635Z"
                                    cq:lastReplicated_publish="{Date}2024-03-14T12:27:39.635Z"
                                    cq:lastReplicatedBy="workflow-process-service"
                                    cq:lastReplicatedBy_publish="workflow-process-service"
                                    cq:lastReplicationAction="Activate"
                                    cq:lastReplicationAction_publish="Activate"
                                    jcr:mixinTypes="[cq:ReplicationStatus,cq:ReplicationStatus2]"
                                    jcr:primaryType="nt:unstructured"/>
                                <cq:styleGroups jcr:primaryType="nt:unstructured">
                                    <item0
                                        cq:styleGroupLabel="Styles"
                                        jcr:primaryType="nt:unstructured">
                                        <cq:styles jcr:primaryType="nt:unstructured">
                                            <item0
                                                cq:styleClasses="h1_style"
                                                cq:styleId="1612896635178"
                                                cq:styleLabel="h1 style"
                                                jcr:primaryType="nt:unstructured"/>
                                            <item1
                                                cq:styleClasses="h2_style"
                                                cq:styleId="1612896641947"
                                                cq:styleLabel="h2 style"
                                                jcr:primaryType="nt:unstructured"/>
                                            <item2
                                                cq:styleClasses="h3_style"
                                                cq:styleId="1612896645990"
                                                cq:styleLabel="h3 style"
                                                jcr:primaryType="nt:unstructured"/>
                                            <item3
                                                cq:styleClasses="h4_style"
                                                cq:styleId="1612896649188"
                                                cq:styleLabel="h4 style"
                                                jcr:primaryType="nt:unstructured"/>
                                            <item4
                                                cq:styleClasses="h5_style"
                                                cq:styleId="1612988090638"
                                                cq:styleLabel="h5 style"
                                                jcr:primaryType="nt:unstructured"/>
                                            <item5
                                                cq:styleClasses="h6_style"
                                                cq:styleId="1612988098073"
                                                cq:styleLabel="h6 style"
                                                jcr:primaryType="nt:unstructured"/>
                                        </cq:styles>
                                    </item0>
                                </cq:styleGroups>
                            </policy_default>
                        </title>
                    </v3>
                </title>
                <text jcr:primaryType="nt:unstructured">
                    <v2 jcr:primaryType="nt:unstructured">
                        <text jcr:primaryType="nt:unstructured">
                            <policy_default
                                jcr:primaryType="nt:unstructured"
                                jcr:title="Content Text"
                                sling:resourceType="wcm/core/components/policy/policy">
                                <jcr:content
                                    cq:isDelivered="{Boolean}false"
                                    cq:lastReplicated="{Date}2024-03-14T12:27:39.551Z"
                                    cq:lastReplicated_publish="{Date}2024-03-14T12:27:39.551Z"
                                    cq:lastReplicatedBy="workflow-process-service"
                                    cq:lastReplicatedBy_publish="workflow-process-service"
                                    cq:lastReplicationAction="Activate"
                                    cq:lastReplicationAction_publish="Activate"
                                    jcr:mixinTypes="[cq:ReplicationStatus,cq:ReplicationStatus2]"
                                    jcr:primaryType="nt:unstructured"/>
                                <rtePlugins jcr:primaryType="nt:unstructured">
                                    <paraformat
                                        jcr:primaryType="nt:unstructured"
                                        features="*">
                                        <formats
                                            jcr:primaryType="nt:unstructured"
                                            override="true">
                                            <item0
                                                jcr:primaryType="nt:unstructured"
                                                description="Paragraph"
                                                tag="p"/>
                                            <item1
                                                jcr:primaryType="nt:unstructured"
                                                description="Quote"
                                                tag="blockquote"/>
                                            <item2
                                                jcr:primaryType="nt:unstructured"
                                                description="Preformatted"
                                                tag="pre"/>
                                        </formats>
                                    </paraformat>
                                    <misctools
                                        jcr:primaryType="nt:unstructured"
                                        features="-">
                                        <specialCharsConfig jcr:primaryType="nt:unstructured">
                                            <chars
                                                jcr:primaryType="nt:unstructured"
                                                override="true">
                                                <item0
                                                    jcr:primaryType="nt:unstructured"
                                                    entity="&amp;copy;"
                                                    name="copyright"/>
                                                <item1
                                                    jcr:primaryType="nt:unstructured"
                                                    entity="&amp;euro;"
                                                    name="euro"/>
                                                <item2
                                                    jcr:primaryType="nt:unstructured"
                                                    entity="&amp;reg;"
                                                    name="registered"/>
                                                <item3
                                                    jcr:primaryType="nt:unstructured"
                                                    entity="&amp;trade;"
                                                    name="trademark"/>
                                            </chars>
                                        </specialCharsConfig>
                                    </misctools>
                                    <edit
                                        jcr:primaryType="nt:unstructured"
                                        features="-"/>
                                    <findreplace
                                        jcr:primaryType="nt:unstructured"
                                        features="-"/>
                                    <undo
                                        jcr:primaryType="nt:unstructured"
                                        features="-"/>
                                    <spellcheck
                                        jcr:primaryType="nt:unstructured"
                                        features="-"/>
                                    <image
                                        jcr:primaryType="nt:unstructured"
                                        features="-"/>
                                    <table
                                        jcr:primaryType="nt:unstructured"
                                        features="-"/>
                                    <lists
                                        jcr:primaryType="nt:unstructured"
                                        features="*"/>
                                    <justify
                                        jcr:primaryType="nt:unstructured"
                                        features="-"/>
                                    <format
                                        jcr:primaryType="nt:unstructured"
                                        features="bold,italic"/>
                                    <links
                                        jcr:primaryType="nt:unstructured"
                                        features="modifylink,unlink"/>
                                    <subsuperscript
                                        jcr:primaryType="nt:unstructured"
                                        features="-"/>
                                </rtePlugins>
                            </policy_default>
                        </text>
                    </v2>
                </text>
                <image jcr:primaryType="nt:unstructured">
                    <v3 jcr:primaryType="nt:unstructured">
                        <image jcr:primaryType="nt:unstructured">
                            <policy_default
                                cq:styleDefaultClasses="standard"
                                jcr:description="- Enable lazy loading for faster page loading.&#xd;&#xa;- Define allowed image widths for automatic loading of the image in the most optimal resolution, given the size at which each image is displayed on the page, and the visitor's pixel density.&#xd;&#xa;- Disallow direct asset upload, to force authors to first upload the images to Assets."
                                jcr:primaryType="nt:unstructured"
                                jcr:title="Content Image"
                                sling:resourceType="wcm/core/components/policy/policy"
                                allowedRenditionWidths="[320,480,600,800,1024,1200,1600]"
                                allowUpload="false"
                                altValueFromDAM="true"
                                disableLazyLoading="true"
                                displayPopupTitle="true"
                                enableAssetDelivery="true"
                                isDecorative="false"
                                jpegQuality="{Long}85"
                                sizes="(max-width: 500px) 50vw, 100vw"
                                titleValueFromDAM="true"
                                uuidDisabled="true">
                                <jcr:content
                                    cq:isDelivered="{Boolean}false"
                                    cq:lastReplicated="{Date}2024-03-14T12:27:38.293Z"
                                    cq:lastReplicated_publish="{Date}2024-03-14T12:27:38.293Z"
                                    cq:lastReplicatedBy="workflow-process-service"
                                    cq:lastReplicatedBy_publish="workflow-process-service"
                                    cq:lastReplicationAction="Activate"
                                    cq:lastReplicationAction_publish="Activate"
                                    jcr:mixinTypes="[cq:ReplicationStatus,cq:ReplicationStatus2]"
                                    jcr:primaryType="nt:unstructured"/>
                                <plugins jcr:primaryType="nt:unstructured">
                                    <crop
                                        jcr:primaryType="nt:unstructured"
                                        features="*">
                                        <aspectRatios jcr:primaryType="nt:unstructured">
                                            <item0
                                                jcr:primaryType="nt:unstructured"
                                                name="Wide Landscape"
                                                ratio="0.6180"/>
                                            <item1
                                                jcr:primaryType="nt:unstructured"
                                                name="Landscape"
                                                ratio="0.8284"/>
                                            <item2
                                                jcr:primaryType="nt:unstructured"
                                                name="Square"
                                                ratio="1"/>
                                            <item3
                                                jcr:primaryType="nt:unstructured"
                                                name="Portrait"
                                                ratio="1.6180"/>
                                        </aspectRatios>
                                    </crop>
                                    <rotate
                                        jcr:primaryType="nt:unstructured"
                                        features="right"/>
                                    <flip
                                        jcr:primaryType="nt:unstructured"
                                        features="-"/>
                                </plugins>
                                <cq:styleGroups jcr:primaryType="nt:unstructured">
                                    <item0
                                        cq:styleGroupLabel="Styles"
                                        jcr:primaryType="nt:unstructured">
                                        <cq:styles jcr:primaryType="nt:unstructured">
                                            <item0
                                                cq:styleClasses="standard"
                                                cq:styleId="1612913719939"
                                                cq:styleLabel="standard"
                                                jcr:primaryType="nt:unstructured"/>
                                            <item1
                                                cq:styleClasses="caption"
                                                cq:styleId="1612913724665"
                                                cq:styleLabel="caption"
                                                jcr:primaryType="nt:unstructured"/>
                                        </cq:styles>
                                    </item0>
                                </cq:styleGroups>
                            </policy_default>
                        </image>
                    </v3>
                </image>
                <languagenavigation jcr:primaryType="nt:unstructured">
                    <v2 jcr:primaryType="nt:unstructured">
                        <languagenavigation jcr:primaryType="nt:unstructured">
                            <policy_xf
                                jcr:primaryType="nt:unstructured"
                                jcr:title="My Site Language Navigation - Experience Fragment"
                                sling:resourceType="wcm/core/components/policy/policy"
                                navigationRoot="/content/dfsite"
                                structureDepth="1">
                                <jcr:content jcr:primaryType="nt:unstructured"/>
                            </policy_xf>
                        </languagenavigation>
                    </v2>
                </languagenavigation>
                <form jcr:primaryType="nt:unstructured">
                    <container jcr:primaryType="nt:unstructured">
                        <v2 jcr:primaryType="nt:unstructured">
                            <container jcr:primaryType="nt:unstructured">
                                <policy_default
                                    jcr:description="Allows the form components to be dropped into this form container."
                                    jcr:primaryType="nt:unstructured"
                                    jcr:title="Content Form"
                                    sling:resourceType="wcm/core/components/policy/policy"
                                    components="[/libs/core/wcm/components/form/button/v2/button,/libs/core/wcm/components/form/hidden/v2/hidden,/libs/core/wcm/components/form/options/v2/options,/libs/core/wcm/components/form/text/v2/text]">
                                    <jcr:content
                                        cq:isDelivered="{Boolean}false"
                                        cq:lastReplicated="{Date}2024-03-14T12:27:38.133Z"
                                        cq:lastReplicated_publish="{Date}2024-03-14T12:27:38.133Z"
                                        cq:lastReplicatedBy="workflow-process-service"
                                        cq:lastReplicatedBy_publish="workflow-process-service"
                                        cq:lastReplicationAction="Activate"
                                        cq:lastReplicationAction_publish="Activate"
                                        jcr:mixinTypes="[cq:ReplicationStatus,cq:ReplicationStatus2]"
                                        jcr:primaryType="nt:unstructured"/>
                                </policy_default>
                            </container>
                        </v2>
                    </container>
                </form>
                <separator jcr:primaryType="nt:unstructured">
                    <v1 jcr:primaryType="nt:unstructured">
                        <separator jcr:primaryType="nt:unstructured">
                            <policy_default
                                cq:styleDefaultClasses="standard"
                                jcr:primaryType="nt:unstructured"
                                jcr:title="Content Separator"
                                sling:resourceType="wcm/core/components/policy/policy">
                                <jcr:content jcr:primaryType="nt:unstructured"/>
                                <cq:styleGroups jcr:primaryType="nt:unstructured">
                                    <item0
                                        cq:styleGroupLabel="Styles"
                                        jcr:primaryType="nt:unstructured">
                                        <cq:styles jcr:primaryType="nt:unstructured">
                                            <item0
                                                cq:styleClasses="standard"
                                                cq:styleId="1612910963036"
                                                cq:styleLabel="standard"
                                                jcr:primaryType="nt:unstructured"/>
                                            <item1
                                                cq:styleClasses="small"
                                                cq:styleId="1612911013038"
                                                cq:styleLabel="small"
                                                jcr:primaryType="nt:unstructured"/>
                                        </cq:styles>
                                    </item0>
                                </cq:styleGroups>
                            </policy_default>
                        </separator>
                    </v1>
                </separator>
                <breadcrumb jcr:primaryType="nt:unstructured">
                    <v3 jcr:primaryType="nt:unstructured">
                        <breadcrumb jcr:primaryType="nt:unstructured">
                            <policy_default
                                cq:styleDefaultClasses="standard"
                                jcr:primaryType="nt:unstructured"
                                jcr:title="Content Breadcrumb"
                                sling:resourceType="wcm/core/components/policy/policy"
                                disableShadowing="false"
                                hideCurrent="false"
                                showHidden="false"
                                startLevel="2">
                                <jcr:content jcr:primaryType="nt:unstructured"/>
                                <cq:styleGroups jcr:primaryType="nt:unstructured">
                                    <item0
                                        cq:styleGroupLabel="Styles"
                                        jcr:primaryType="nt:unstructured">
                                        <cq:styles jcr:primaryType="nt:unstructured">
                                            <item0
                                                cq:styleClasses="standard"
                                                cq:styleId="1612951394793"
                                                cq:styleLabel="Standard"
                                                jcr:primaryType="nt:unstructured"/>
                                        </cq:styles>
                                    </item0>
                                </cq:styleGroups>
                            </policy_default>
                        </breadcrumb>
                    </v3>
                </breadcrumb>
                <button jcr:primaryType="nt:unstructured">
                    <v2 jcr:primaryType="nt:unstructured">
                        <button jcr:primaryType="nt:unstructured">
                            <policy_default
                                cq:styleDefaultClasses="call-to-action"
                                jcr:primaryType="nt:unstructured"
                                jcr:title="Content Button"
                                sling:resourceType="wcm/core/components/policy/policy">
                                <jcr:content jcr:primaryType="nt:unstructured"/>
                                <cq:styleGroups jcr:primaryType="nt:unstructured">
                                    <item0
                                        cq:styleGroupLabel="Styles"
                                        jcr:primaryType="nt:unstructured">
                                        <cq:styles jcr:primaryType="nt:unstructured">
                                            <item0
                                                cq:styleClasses="call-to-action"
                                                cq:styleId="1613073352409"
                                                cq:styleLabel="Call to action"
                                                jcr:primaryType="nt:unstructured"/>
                                            <item1
                                                cq:styleClasses="primary"
                                                cq:styleId="1613070360567"
                                                cq:styleLabel="Primary"
                                                jcr:primaryType="nt:unstructured"/>
                                            <item2
                                                cq:styleClasses="quiet"
                                                cq:styleId="1613070369027"
                                                cq:styleLabel="Quiet"
                                                jcr:primaryType="nt:unstructured"/>
                                            <item3
                                                cq:styleClasses="primary-over-background"
                                                cq:styleId="1613070371068"
                                                cq:styleLabel="Primary over background"
                                                jcr:primaryType="nt:unstructured"/>
                                            <item4
                                                cq:styleClasses="quiet-over-background"
                                                cq:styleId="1613070405522"
                                                cq:styleLabel="Quiet over background"
                                                jcr:primaryType="nt:unstructured"/>
                                        </cq:styles>
                                    </item0>
                                </cq:styleGroups>
                            </policy_default>
                        </button>
                    </v2>
                </button>
                <tabs jcr:primaryType="nt:unstructured">
                    <v1 jcr:primaryType="nt:unstructured">
                        <tabs jcr:primaryType="nt:unstructured">
                            <policy_default
                                cq:styleDefaultClasses="horizontal"
                                jcr:primaryType="nt:unstructured"
                                jcr:title="Content Tabs"
                                sling:resourceType="wcm/core/components/policy/policy">
                                <jcr:content jcr:primaryType="nt:unstructured"/>
                                <cq:styleGroups jcr:primaryType="nt:unstructured">
                                    <item0
                                        cq:styleGroupLabel="Styles"
                                        jcr:primaryType="nt:unstructured">
                                        <cq:styles jcr:primaryType="nt:unstructured">
                                            <item0
                                                cq:styleClasses="horizontal"
                                                cq:styleId="1613264575075"
                                                cq:styleLabel="Horizontal Tabs"
                                                jcr:primaryType="nt:unstructured"/>
                                            <item1
                                                cq:styleClasses="vertical"
                                                cq:styleId="1613264584336"
                                                cq:styleLabel="Vertical Tabs"
                                                jcr:primaryType="nt:unstructured"/>
                                        </cq:styles>
                                    </item0>
                                </cq:styleGroups>
                            </policy_default>
                        </tabs>
                    </v1>
                </tabs>
            </components>
        </wcm>
    </core>
    <cq jcr:primaryType="nt:unstructured">
        <experience-fragments jcr:primaryType="nt:unstructured">
            <components jcr:primaryType="nt:unstructured">
                <xfpage jcr:primaryType="nt:unstructured">
                    <policy_default
                        jcr:primaryType="nt:unstructured"
                        jcr:title="XF page"
                        sling:resourceType="wcm/core/components/policy/policy"
                        clientlibs="[core.wcm.components.accordion.v1,core.wcm.components.tabs.v1,core.wcm.components.carousel.v1,core.wcm.components.image.v3,core.wcm.components.breadcrumb.v2,core.wcm.components.search.v1,core.wcm.components.form.text.v2,core.wcm.components.pdfviewer.v1,core.wcm.components.embed.v1,core.wcm.components.commons.datalayer.v1]">
                        <jcr:content
                            cq:isDelivered="{Boolean}false"
                            cq:lastReplicated="{Date}2024-03-14T12:27:39.719Z"
                            cq:lastReplicated_publish="{Date}2024-03-14T12:27:39.719Z"
                            cq:lastReplicatedBy="workflow-process-service"
                            cq:lastReplicatedBy_publish="workflow-process-service"
                            cq:lastReplicationAction="Activate"
                            cq:lastReplicationAction_publish="Activate"
                            jcr:mixinTypes="[cq:ReplicationStatus,cq:ReplicationStatus2]"
                            jcr:primaryType="nt:unstructured"/>
                    </policy_default>
                </xfpage>
            </components>
        </experience-fragments>
    </cq>
</jcr:root>
