<?xml version="1.0"?><x:xmpmeta xmlns:x="adobe:ns:meta/" x:xmptk="Adobe XMP Core 6.2.9.B001"><rdf:RDF xmlns:rdf="http://www.w3.org/1999/02/22-rdf-syntax-ns#"><rdf:Description rdf:about="" xmlns:dc="http://purl.org/dc/elements/1.1/" xmlns:tiff="http://ns.adobe.com/tiff/1.0/" xmlns:xmp="http://ns.adobe.com/xap/1.0/" xmlns:xmpMM="http://ns.adobe.com/xap/1.0/mm/" xmlns:xmpRights="http://ns.adobe.com/xap/1.0/rights/" xmlns:pur="http://prismstandard.org/namespaces/prismusagerights/2.1/" xmlns:dam="http://www.day.com/dam/1.0" xmlns:photoshop="http://ns.adobe.com/photoshop/1.0/" dc:format="image/jpeg" dc:rights="©Jacob Lund  - stock.adobe.com" tiff:ResolutionUnit="2" tiff:XResolution="6250/181" tiff:YCbCrPositioning="1" tiff:YResolution="6250/181" tiff:ImageWidth="1000" tiff:ImageLength="667" xmp:CreateDate="2016-03-21" xmp:CreatorTool="Adobe Stock Platform" xmp:MetadataDate="2019-02-05T11:43:37" xmp:ModifyDate="2016-03-21" xmpMM:DocumentID="105890066" xmpMM:InstanceID="Adobe Stock 105890066" xmpRights:Marked="True" dam:Physicalwidthindpi="35" dam:MIMEtype="image/jpeg" dam:Physicalheightininches="19.05714225769043" dam:Physicalheightindpi="35" dam:Physicalwidthininches="28.571428298950195" dam:Bitsperpixel="24" dam:Progressive="no" dam:size="239143" dam:Numberoftextualcomments="0" dam:sha1="13df4499dbf418f6750575936fdd7f7a1707fc36" dam:Numberofimages="1" dam:Fileformat="JPEG" photoshop:Credit="Jacob Lund  - stock.adobe.com"><pur:creditLine><rdf:Bag><rdf:li>Jacob Lund  - stock.adobe.com</rdf:li></rdf:Bag></pur:creditLine><tiff:BitsPerSample><rdf:Seq><rdf:li>8</rdf:li><rdf:li>8</rdf:li><rdf:li>8</rdf:li></rdf:Seq></tiff:BitsPerSample></rdf:Description></rdf:RDF></x:xmpmeta>