<?xml version="1.0"?><x:xmpmeta xmlns:x="adobe:ns:meta/" x:xmptk="Adobe XMP Core 6.2.9.B001"><rdf:RDF xmlns:rdf="http://www.w3.org/1999/02/22-rdf-syntax-ns#"><rdf:Description rdf:about="" xmlns:dc="http://purl.org/dc/elements/1.1/" xmlns:tiff="http://ns.adobe.com/tiff/1.0/" xmlns:xmp="http://ns.adobe.com/xap/1.0/" xmlns:xmpMM="http://ns.adobe.com/xap/1.0/mm/" xmlns:xmpRights="http://ns.adobe.com/xap/1.0/rights/" xmlns:pur="http://prismstandard.org/namespaces/prismusagerights/2.1/" xmlns:dam="http://www.day.com/dam/1.0" xmlns:photoshop="http://ns.adobe.com/photoshop/1.0/" dc:format="image/jpeg" dc:rights="©Boyarkina Marina - stock.adobe.com" tiff:ResolutionUnit="2" tiff:XResolution="3125/51" tiff:YCbCrPositioning="1" tiff:YResolution="3125/51" tiff:ImageWidth="1000" tiff:ImageLength="667" xmp:CreateDate="2016-05-30" xmp:CreatorTool="Adobe Stock Platform" xmp:MetadataDate="2019-02-05T11:44:05" xmp:ModifyDate="2016-05-30" xmpMM:DocumentID="111993098" xmpMM:InstanceID="Adobe Stock 111993098" xmpRights:Marked="True" dam:Physicalwidthindpi="61" dam:MIMEtype="image/jpeg" dam:Physicalheightininches="10.934426307678223" dam:Physicalheightindpi="61" dam:Physicalwidthininches="16.393442153930664" dam:Bitsperpixel="24" dam:Progressive="no" dam:size="272955" dam:Numberoftextualcomments="0" dam:sha1="975325baabee1e196a15cf5efe6d16be088e897a" dam:Numberofimages="1" dam:Fileformat="JPEG" photoshop:Credit="Boyarkina Marina - stock.adobe.com"><pur:creditLine><rdf:Bag><rdf:li>Boyarkina Marina - stock.adobe.com</rdf:li></rdf:Bag></pur:creditLine><tiff:BitsPerSample><rdf:Seq><rdf:li>8</rdf:li><rdf:li>8</rdf:li><rdf:li>8</rdf:li></rdf:Seq></tiff:BitsPerSample></rdf:Description></rdf:RDF></x:xmpmeta>