<?xml version="1.0"?><x:xmpmeta xmlns:x="adobe:ns:meta/" x:xmptk="Adobe XMP Core 6.2.9.B001"><rdf:RDF xmlns:rdf="http://www.w3.org/1999/02/22-rdf-syntax-ns#"><rdf:Description rdf:about="" xmlns:dc="http://purl.org/dc/elements/1.1/" xmlns:tiff="http://ns.adobe.com/tiff/1.0/" xmlns:xmp="http://ns.adobe.com/xap/1.0/" xmlns:xmpMM="http://ns.adobe.com/xap/1.0/mm/" xmlns:xmpRights="http://ns.adobe.com/xap/1.0/rights/" xmlns:pur="http://prismstandard.org/namespaces/prismusagerights/2.1/" xmlns:dam="http://www.day.com/dam/1.0" xmlns:photoshop="http://ns.adobe.com/photoshop/1.0/" dc:format="image/jpeg" dc:rights="©bportolano - stock.adobe.com" tiff:ResolutionUnit="2" tiff:XResolution="625/12" tiff:YCbCrPositioning="1" tiff:YResolution="625/12" tiff:ImageWidth="1000" tiff:ImageLength="667" xmp:CreateDate="2016-05-18" xmp:CreatorTool="Adobe Stock Platform" xmp:MetadataDate="2019-02-05T11:44:36" xmp:ModifyDate="2016-05-18" xmpMM:DocumentID="110958692" xmpMM:InstanceID="Adobe Stock 110958692" xmpRights:Marked="True" dam:Physicalwidthindpi="52" dam:MIMEtype="image/jpeg" dam:Physicalheightininches="12.826923370361328" dam:Physicalheightindpi="52" dam:Physicalwidthininches="19.230770111083984" dam:Bitsperpixel="24" dam:Progressive="no" dam:size="161386" dam:Numberoftextualcomments="0" dam:sha1="399e44d1e4260580a00be4e4e866169ddb81a86a" dam:Numberofimages="1" dam:Fileformat="JPEG" photoshop:Credit="bportolano - stock.adobe.com"><pur:creditLine><rdf:Bag><rdf:li>bportolano - stock.adobe.com</rdf:li></rdf:Bag></pur:creditLine><tiff:BitsPerSample><rdf:Seq><rdf:li>8</rdf:li><rdf:li>8</rdf:li><rdf:li>8</rdf:li></rdf:Seq></tiff:BitsPerSample></rdf:Description></rdf:RDF></x:xmpmeta>