<?xml version="1.0" encoding="UTF-8"?>
<jcr:root xmlns:jcr="http://www.jcp.org/jcr/1.0" xmlns:dam="http://www.day.com/dam/1.0" xmlns:nt="http://www.jcp.org/jcr/nt/1.0" xmlns:granite="http://www.adobe.com/jcr/granite/1.0" xmlns:cq="http://www.day.com/jcr/cq/1.0" xmlns:sling="http://sling.apache.org/jcr/sling/1.0"
    jcr:primaryType="cq:Template"
    allowedPaths="[/content/entities(/.*)?]"
    ranking="{Long}100">
    <jcr:content
        cq:isDelivered="{Boolean}true"
        cq:lastModified="{Date}2024-03-07T16:32:45.707Z"
        cq:lastModifiedBy="frderreu@adobe.com"
        cq:lastReplicated="{Date}2024-03-07T16:35:13.215Z"
        cq:lastReplicated_publish="{Date}2024-03-07T16:35:13.215Z"
        cq:lastReplicatedBy="frderreu@adobe.com"
        cq:lastReplicatedBy_publish="frderreu@adobe.com"
        cq:lastReplicationAction="Activate"
        cq:lastReplicationAction_publish="Activate"
        cq:scaffolding="/conf/dfsite/settings/dam/cfm/models/news-page/jcr:content/model"
        cq:templateType="/libs/settings/dam/cfm/model-types/fragment"
        jcr:mixinTypes="[cq:ReplicationStatus2]"
        jcr:primaryType="cq:PageContent"
        jcr:title="News Page"
        sling:resourceSuperType="dam/cfm/models/console/components/data/entity"
        sling:resourceType="dam/cfm/models/console/components/data/entity/default"
        isLocked="{Boolean}true"
        status="enabled">
        <metadata
            dam:scene7PublishPending="{Boolean}true"
            jcr:primaryType="nt:unstructured"/>
        <model
            cq:targetPath="/content/entities"
            jcr:primaryType="cq:PageContent"
            sling:resourceType="wcm/scaffolding/components/scaffolding"
            dataTypesConfig="/mnt/overlay/settings/dam/cfm/models/formbuilderconfig/datatypes"
            maxGeneratedOrder="20">
            <cq:dialog
                jcr:primaryType="nt:unstructured"
                sling:resourceType="cq/gui/components/authoring/dialog">
                <content
                    jcr:lastModified="{Date}2024-03-07T16:32:45.707Z"
                    jcr:lastModifiedBy="frderreu@adobe.com"
                    jcr:primaryType="nt:unstructured"
                    sling:resourceType="granite/ui/components/coral/foundation/fixedcolumns">
                    <items
                        jcr:primaryType="nt:unstructured"
                        maxGeneratedOrder="20">
                        <_x0031_709828964519
                            jcr:primaryType="nt:unstructured"
                            sling:resourceType="granite/ui/components/coral/foundation/form/textfield"
                            fieldLabel="Title"
                            listOrder="1"
                            maxlength="255"
                            metaType="text-single"
                            name="title"
                            renderReadOnly="false"
                            required="on"
                            showEmptyInReadOnly="true"
                            valueType="string">
                            <granite:data jcr:primaryType="nt:unstructured"/>
                        </_x0031_709828964519>
                        <_x0031_709828933254
                            jcr:primaryType="nt:unstructured"
                            sling:resourceType="dam/cfm/models/editor/components/fragmentreference/multifield"
                            allowNew="{Boolean}true"
                            fieldLabel="Items"
                            filter="hierarchy"
                            fragmentmodelreference="[/conf/dfsite/settings/dam/cfm/models/m09-carousel,/conf/dfsite/settings/dam/cfm/models/m10-quote]"
                            listOrder="9"
                            metaType="fragment-reference"
                            name="items"
                            nameSuffix="contentReference"
                            renderReadOnly="false"
                            showEmptyInReadOnly="true"
                            valueType="string/content-fragment[]">
                            <granite:data jcr:primaryType="nt:unstructured"/>
                            <field
                                jcr:primaryType="nt:unstructured"
                                sling:resourceType="dam/cfm/models/editor/components/fragmentreference"
                                fragmentmodelreference="[/conf/dfsite/settings/dam/cfm/models/m09-carousel,/conf/dfsite/settings/dam/cfm/models/m10-quote]"
                                name="items"
                                renderReadOnly="false">
                                <granite:data jcr:primaryType="nt:unstructured"/>
                            </field>
                        </_x0031_709828933254>
                    </items>
                </content>
            </cq:dialog>
        </model>
    </jcr:content>
</jcr:root>
