<?xml version="1.0"?><x:xmpmeta xmlns:x="adobe:ns:meta/" x:xmptk="Adobe XMP Core 6.2.9.B001"><rdf:RDF xmlns:rdf="http://www.w3.org/1999/02/22-rdf-syntax-ns#"><rdf:Description rdf:about="" xmlns:dam="http://www.day.com/dam/1.0" xmlns:dc="http://purl.org/dc/elements/1.1/" xmlns:tiff="http://ns.adobe.com/tiff/1.0/" dam:Physicalwidthindpi="-1" dam:MIMEtype="image/jpeg" dam:Physicalheightininches="-1.0" dam:Physicalheightindpi="-1" dam:Physicalwidthininches="-1.0" dam:Bitsperpixel="24" dam:Progressive="no" dam:size="77518" dam:Numberoftextualcomments="0" dam:sha1="91b707c51a9e335f275e5be86c43df45fbb22fa5" dam:Numberofimages="1" dam:Fileformat="JPEG" dc:format="image/jpeg" tiff:ImageWidth="356" tiff:ImageLength="356"><tiff:BitsPerSample><rdf:Seq><rdf:li>8</rdf:li><rdf:li>8</rdf:li><rdf:li>8</rdf:li></rdf:Seq></tiff:BitsPerSample></rdf:Description></rdf:RDF></x:xmpmeta>