<?xml version="1.0" encoding="UTF-8"?>
<jcr:root xmlns:jcr="http://www.jcp.org/jcr/1.0" xmlns:nt="http://www.jcp.org/jcr/nt/1.0" xmlns:mix="http://www.jcp.org/jcr/mix/1.0" xmlns:cq="http://www.day.com/jcr/cq/1.0"
    jcr:primaryType="cq:Page">
    <jcr:content
        cq:isDelivered="{Boolean}false"
        cq:lastReplicated="{Date}2024-03-14T12:27:41.487Z"
        cq:lastReplicated_publish="{Date}2024-03-14T12:27:41.487Z"
        cq:lastReplicatedBy="workflow-process-service"
        cq:lastReplicatedBy_publish="workflow-process-service"
        cq:lastReplicationAction="Activate"
        cq:lastReplicationAction_publish="Activate"
        jcr:isCheckedOut="{Boolean}true"
        jcr:lastModified="{Date}2024-02-27T12:02:30.949Z"
        jcr:lastModifiedBy="frderreu@adobe.com"
        jcr:mixinTypes="[cq:ReplicationStatus2,mix:versionable]"
        jcr:primaryType="cq:PageContent"
        jcr:uuid="1a97ea78-8d42-4fa6-9a52-3da60adac961"
        prefixPath="/content/dfsite.theme/_default">
        <items jcr:primaryType="nt:unstructured">
            <css
                jcr:primaryType="nt:unstructured"
                element="link"
                location="header">
                <attributes jcr:primaryType="nt:unstructured">
                    <as
                        jcr:primaryType="nt:unstructured"
                        name="as"
                        value="style"/>
                    <href
                        jcr:primaryType="nt:unstructured"
                        name="href"
                        value="/theme.css"/>
                    <rel
                        jcr:primaryType="nt:unstructured"
                        name="rel"
                        value="preload stylesheet"/>
                    <type
                        jcr:primaryType="nt:unstructured"
                        name="type"
                        value="text/css"/>
                </attributes>
            </css>
            <javascript
                jcr:primaryType="nt:unstructured"
                element="script"
                location="header">
                <attributes jcr:primaryType="nt:unstructured">
                    <src
                        jcr:primaryType="nt:unstructured"
                        name="src"
                        value="/theme.js"/>
                    <async
                        jcr:primaryType="nt:unstructured"
                        name="async"
                        value="true"/>
                    <type
                        jcr:primaryType="nt:unstructured"
                        name="type"
                        value="text/javascript"/>
                </attributes>
            </javascript>
            <favicon
                jcr:primaryType="nt:unstructured"
                element="link"
                location="header">
                <attributes jcr:primaryType="nt:unstructured">
                    <href
                        jcr:primaryType="nt:unstructured"
                        name="href"
                        value="/resources/images/favicon.png"/>
                    <rel
                        jcr:primaryType="nt:unstructured"
                        name="rel"
                        value="icon"/>
                    <type
                        jcr:primaryType="nt:unstructured"
                        name="type"
                        value="image/png"/>
                </attributes>
            </favicon>
        </items>
    </jcr:content>
</jcr:root>
