<?xml version="1.0"?><x:xmpmeta xmlns:x="adobe:ns:meta/" x:xmptk="Adobe XMP Core 6.2.9.B001"><rdf:RDF xmlns:rdf="http://www.w3.org/1999/02/22-rdf-syntax-ns#"><rdf:Description rdf:about="" xmlns:dc="http://purl.org/dc/elements/1.1/" xmlns:tiff="http://ns.adobe.com/tiff/1.0/" xmlns:xmp="http://ns.adobe.com/xap/1.0/" xmlns:xmpMM="http://ns.adobe.com/xap/1.0/mm/" xmlns:xmpRights="http://ns.adobe.com/xap/1.0/rights/" xmlns:pur="http://prismstandard.org/namespaces/prismusagerights/2.1/" xmlns:dam="http://www.day.com/dam/1.0" xmlns:photoshop="http://ns.adobe.com/photoshop/1.0/" dc:format="image/jpeg" dc:rights="©Eugenio Marongiu - stock.adobe.com" tiff:ResolutionUnit="2" tiff:XResolution="1875/46" tiff:YCbCrPositioning="1" tiff:YResolution="1875/46" tiff:ImageWidth="1000" tiff:ImageLength="667" xmp:CreateDate="2016-06-15" xmp:CreatorTool="Adobe Stock Platform" xmp:MetadataDate="2019-02-05T11:43:46" xmp:ModifyDate="2016-06-15" xmpMM:DocumentID="113532065" xmpMM:InstanceID="Adobe Stock 113532065" xmpRights:Marked="True" dam:Physicalwidthindpi="41" dam:MIMEtype="image/jpeg" dam:Physicalheightininches="16.268293380737305" dam:Physicalheightindpi="41" dam:Physicalwidthininches="24.390243530273438" dam:Bitsperpixel="24" dam:Progressive="no" dam:size="262298" dam:Numberoftextualcomments="0" dam:sha1="0afd6af7829b00b44d15c9f47d8b750770ada466" dam:Numberofimages="1" dam:Fileformat="JPEG" photoshop:Credit="Eugenio Marongiu - stock.adobe.com"><pur:creditLine><rdf:Bag><rdf:li>Eugenio Marongiu - stock.adobe.com</rdf:li></rdf:Bag></pur:creditLine><tiff:BitsPerSample><rdf:Seq><rdf:li>8</rdf:li><rdf:li>8</rdf:li><rdf:li>8</rdf:li></rdf:Seq></tiff:BitsPerSample></rdf:Description></rdf:RDF></x:xmpmeta>