<?xml version="1.0"?><x:xmpmeta xmlns:x="adobe:ns:meta/" x:xmptk="Adobe XMP Core 6.2.9.B001"><rdf:RDF xmlns:rdf="http://www.w3.org/1999/02/22-rdf-syntax-ns#"><rdf:Description rdf:about="" xmlns:dc="http://purl.org/dc/elements/1.1/" xmlns:tiff="http://ns.adobe.com/tiff/1.0/" xmlns:xmp="http://ns.adobe.com/xap/1.0/" xmlns:xmpMM="http://ns.adobe.com/xap/1.0/mm/" xmlns:xmpRights="http://ns.adobe.com/xap/1.0/rights/" xmlns:pur="http://prismstandard.org/namespaces/prismusagerights/2.1/" xmlns:dam="http://www.day.com/dam/1.0" xmlns:photoshop="http://ns.adobe.com/photoshop/1.0/" dc:format="image/jpeg" dc:rights="©Gerhard1302 - stock.adobe.com" tiff:ResolutionUnit="2" tiff:XResolution="15000/277" tiff:YCbCrPositioning="1" tiff:YResolution="15000/277" tiff:ImageWidth="1000" tiff:ImageLength="655" xmp:CreateDate="2016-03-16" xmp:CreatorTool="Adobe Stock Platform" xmp:MetadataDate="2019-02-05T11:40:42" xmp:ModifyDate="2016-03-16" xmpMM:DocumentID="105516602" xmpMM:InstanceID="Adobe Stock 105516602" xmpRights:Marked="True" dam:Physicalwidthindpi="54" dam:MIMEtype="image/jpeg" dam:Physicalheightininches="12.129630088806152" dam:Physicalheightindpi="54" dam:Physicalwidthininches="18.518518447875977" dam:Bitsperpixel="24" dam:Progressive="no" dam:size="379862" dam:Numberoftextualcomments="0" dam:sha1="708913d6cbcb7e96fa4aba9e5a539973499a0a0e" dam:Numberofimages="1" dam:Fileformat="JPEG" photoshop:Credit="Gerhard1302 - stock.adobe.com"><pur:creditLine><rdf:Bag><rdf:li>Gerhard1302 - stock.adobe.com</rdf:li></rdf:Bag></pur:creditLine><tiff:BitsPerSample><rdf:Seq><rdf:li>8</rdf:li><rdf:li>8</rdf:li><rdf:li>8</rdf:li></rdf:Seq></tiff:BitsPerSample></rdf:Description></rdf:RDF></x:xmpmeta>