<?xml version="1.0"?><x:xmpmeta xmlns:x="adobe:ns:meta/" x:xmptk="Adobe XMP Core 6.2.9.B001"><rdf:RDF xmlns:rdf="http://www.w3.org/1999/02/22-rdf-syntax-ns#"><rdf:Description rdf:about="" xmlns:dc="http://purl.org/dc/elements/1.1/" xmlns:tiff="http://ns.adobe.com/tiff/1.0/" xmlns:xmp="http://ns.adobe.com/xap/1.0/" xmlns:xmpMM="http://ns.adobe.com/xap/1.0/mm/" xmlns:xmpRights="http://ns.adobe.com/xap/1.0/rights/" xmlns:pur="http://prismstandard.org/namespaces/prismusagerights/2.1/" xmlns:dam="http://www.day.com/dam/1.0" xmlns:photoshop="http://ns.adobe.com/photoshop/1.0/" dc:format="image/jpeg" dc:rights="©pressmaster - stock.adobe.com" tiff:ResolutionUnit="2" tiff:XResolution="500/7" tiff:YCbCrPositioning="1" tiff:YResolution="500/7" tiff:ImageWidth="1000" tiff:ImageLength="690" xmp:CreateDate="2016-04-12" xmp:CreatorTool="Adobe Stock Platform" xmp:MetadataDate="2019-02-05T11:44:48" xmp:ModifyDate="2016-04-12" xmpMM:DocumentID="107847879" xmpMM:InstanceID="Adobe Stock 107847879" xmpRights:Marked="True" dam:Physicalwidthindpi="71" dam:MIMEtype="image/jpeg" dam:Physicalheightininches="9.71830940246582" dam:Physicalheightindpi="71" dam:Physicalwidthininches="14.08450698852539" dam:Bitsperpixel="24" dam:Progressive="no" dam:size="509649" dam:Numberoftextualcomments="0" dam:sha1="982f4dec60abd071f371c61fa9ee9fd63a885e04" dam:Numberofimages="1" dam:Fileformat="JPEG" photoshop:Credit="pressmaster - stock.adobe.com"><pur:creditLine><rdf:Bag><rdf:li>pressmaster - stock.adobe.com</rdf:li></rdf:Bag></pur:creditLine><tiff:BitsPerSample><rdf:Seq><rdf:li>8</rdf:li><rdf:li>8</rdf:li><rdf:li>8</rdf:li></rdf:Seq></tiff:BitsPerSample></rdf:Description></rdf:RDF></x:xmpmeta>